{"cameraMode":{"drawMode":0,"name":"Shaded","section":"Shading Mode"},"sceneLighting":false,"audioPlay":false,"sceneViewState":{"m_AlwaysRefresh":false,"showFog":true,"showSkybox":false,"showFlares":true,"showImageEffects":true,"showParticleSystems":true,"showVisualEffectGraphs":true,"m_FxEnabled":true},"in2DMode":false,"pivot":{"x":4.991529941558838,"y":11.036301612854004,"z":15.655399322509766},"rotation":{"x":-0.14942380785942079,"y":0.6338835954666138,"z":-0.12660008668899537,"w":-0.7482328414916992},"size":0.15463924407958985,"orthographic":false}