{"cameraMode":{"drawMode":0,"name":"Shaded","section":"Shading Mode"},"sceneLighting":false,"audioPlay":false,"sceneViewState":{"m_AlwaysRefresh":false,"showFog":true,"showSkybox":false,"showFlares":true,"showImageEffects":true,"showParticleSystems":true,"showVisualEffectGraphs":true,"m_FxEnabled":true},"in2DMode":false,"pivot":{"x":-10.66797924041748,"y":14.204927444458008,"z":11.312528610229493},"rotation":{"x":-0.3259103298187256,"y":-0.10721089690923691,"z":0.037220582365989688,"w":-0.9385674595832825},"size":13.420312881469727,"orthographic":false}